<?xml version="1.0" encoding="UTF-8"?>

<configuration>

    <appender name="FILE"
              class="ch.qos.logback.core.rolling.RollingFileAppender">
        <rollingPolicy class="ch.qos.logback.core.rolling.TimeBasedRollingPolicy">
            <fileNamePattern>logs\web-crawler.%d{yyyy-MM-dd}.%i.log
            </fileNamePattern>
            <timeBasedFileNamingAndTriggeringPolicy
                    class="ch.qos.logback.core.rolling.SizeAndTimeBasedFNATP">
                <maxFileSize>10MB</maxFileSize>
            </timeBasedFileNamingAndTriggeringPolicy>
        </rollingPolicy>
        <encoder>
            <charset>utf-8</charset>
            <Pattern>%d{yyyy-MM-dd} %d{HH:mm:ss} %-5level [%thread] %logger{0}: %msg%n</Pattern>
        </encoder>
    </appender>

    <logger name="org.sv.webcrawler" level="DEBUG" additivity="false">
        <appender-ref ref="FILE" />
    </logger>

    <logger name="ch.qos.logback" level="WARN">
        <appender-ref ref="FILE"/>
    </logger>

    <root level="DEBUG">
        <appender-ref ref="FILE"/>
    </root>

</configuration>